,user,topic0,topic1,topic2,topic3,cluster
0,V_Ikpeba,115,116,115,126,0
0,iamleonardwu,117,103,92,114,0
0,elrufai,10,9,10,3,1
0,bayoadekanmbi,89,80,88,82,0
0,Karamo,104,116,133,124,0
0,AmnestyNigeria,108,129,111,100,0
0,PlanningNG,127,112,109,125,0
0,PhilipObin,106,103,102,86,0
0,FightingMalaria,123,126,128,127,0
0,CarnegieFdn,131,131,116,125,0
0,fmaviationng,95,103,119,95,0
0,nucjnigeria,55,56,60,54,1
0,donnafstelling,132,134,128,109,0
0,lauriejlee,137,97,124,128,0
0,AndersBonaniK,103,104,132,108,0
0,thorku,111,115,103,101,0
0,DrTedros,107,105,123,114,0
0,CEPIvaccines,110,104,137,110,0
0,NuhuAdams_,85,109,102,106,0
0,khanacademy,110,138,119,124,0
0,DFID_Research,130,130,116,121,0
0,romaric_92,0,1,0,0,1
0,florenceachuo,2,2,0,1,1
0,KaizerChiefs,88,85,87,91,0
0,derWinterbach,56,48,47,46,1
0,TheMandyMoore,135,114,121,109,0
0,ONwachukwuDDI,8,8,5,10,1
0,OfficialNCDMB,131,119,111,139,0
0,cenbank,123,97,111,114,0
0,chukwueze_8,8,8,3,10,1
0,TNFCNG,120,131,135,105,0
0,SteveJames,133,105,126,116,0
0,RedCardMng,105,110,103,117,0
0,theresa_may,132,118,108,140,0
0,CARE,119,123,125,123,0
0,AzebWG,26,33,43,34,1
0,PaulChapman_,112,105,97,121,0
0,NicolaCareem,123,117,121,100,0
0,orlandopirates,132,120,102,100,0
0,StevenLevy,117,117,114,138,0
0,Argentina,1,0,1,0,1
0,gdarmsta,133,115,121,134,0
0,Mortada5Mansour,0,0,1,0,1
0,austintylerro,108,115,104,105,0
0,HeyBuckHey,105,121,94,93,0
0,kaikahele,96,112,105,102,0
0,EricHorngABC7,32,48,43,48,1
0,harari_yuval,104,125,103,76,0
0,wabote_simbi,5,2,10,2,1
0,IAVI,127,124,118,124,0
0,GlblCtznImpact,121,122,120,119,0
0,NickKristof,122,125,122,125,0
0,SueDHellmann,118,130,111,126,0
0,GatesAfrica,127,145,114,119,0
0,EgyptianPlayers,117,129,128,109,0
0,NHGSFP,137,124,126,111,0
0,ESTuniscom,14,12,13,17,1
0,MagassoubaMakan,3,3,3,2,1
0,Airbnb,126,128,111,126,0
0,PaulineKTallen,72,62,65,71,0
0,Q13FOXKiggins,124,98,123,111,0
0,NunesAlt,108,111,122,94,0
0,HYPREPNigeria,126,127,128,108,0
0,governorobaseki,62,66,50,84,0
0,JosephSteinberg,117,130,109,135,0
0,wsary,1,0,0,0,1
0,yangconomics,119,114,128,107,0
0,emesola,118,94,114,115,0
0,IbeKachikwu,117,119,137,130,0
0,ElizKolbert,126,123,127,126,0
0,TheAEIC,127,107,125,96,0
0,KateWhineHall,47,42,52,49,1
0,UrugwiroVillage,113,97,101,92,0
0,VAIDSNG,105,120,127,129,0
0,nannews_ng,71,86,72,76,0
0,shannonwoodward,104,89,100,99,0
0,robinsonjamiec1,93,84,91,102,0
0,SundayDareSD,108,117,120,137,0
0,bmenigeria,139,105,108,117,0
0,Thabet,2,5,3,5,1
0,Tim_Roehn,7,3,6,7,1
0,GeoffreyOnyeama,100,111,108,104,0
0,monicamusonda,119,117,120,101,0
0,nigeriagov,16,11,18,5,1
0,Michael_Lowman,127,127,118,106,0
0,SteveCase,116,127,117,111,0
0,karlscottsays,35,32,24,30,1
0,BostonTeresa,106,109,125,100,0
0,jorgeluizrod,1,1,0,1,1
0,joduwole,84,98,77,75,0
0,NAQSng,85,77,67,80,0
0,timoreilly,132,118,128,120,0
0,Concacaf,59,67,53,55,1
0,JohnBennettBBC,116,123,118,116,0
0,SylviaJorif,13,13,15,19,1
0,ThRenggli,29,21,17,12,1
0,OAuGF,72,79,74,95,0
0,NafdacAgency,121,106,108,106,0
0,LSMOH,141,98,114,114,0
0,MinTransportNG,35,39,24,28,1
0,DrSepah,115,107,128,106,0
0,biz,102,112,114,133,0
0,LMbalashi,77,78,91,81,0
0,fmicnigeria,117,116,111,103,0
0,Shiny_Demon,126,108,108,118,0
0,rosegeorge3,110,122,137,119,0
0,LolaAkinmade,102,118,97,118,0
0,rgameyer,87,100,109,70,0
0,Mohamed_Sherei,56,35,45,31,1
0,CodeblackLife,110,107,140,110,0
0,ClemAgba,83,69,106,82,0
0,nimc_ng,106,119,116,123,0
0,PressOfficerCAS,107,99,108,94,0
0,sharon_ikeazor,92,108,100,117,0
0,Karoli,131,98,112,118,0
0,IFPRI,105,114,128,137,0
0,FMEnvng,96,91,90,101,0
0,meridithmcgraw,105,128,120,123,0
0,timcarman,128,118,121,122,0
0,RynTorn,135,103,134,113,0
0,kwamebonsu_3,85,79,91,92,0
0,DeanOrnishMD,106,127,110,107,0
0,nidcom_gov,131,129,105,114,0
0,DrEOEhanire,17,23,19,8,1
0,jshuey,98,134,110,132,0
0,DavidNdii,117,96,105,101,0
0,FMWRNigeria,85,107,77,83,0
0,WIRED,114,127,135,122,0
0,@DONJAZZY,120,97,124,107,0
0,joshuamarch,109,112,123,128,0
0,Agichana,70,51,64,69,1
0,eqltycantwait,86,88,99,95,0
0,ClintonFdn,129,124,129,120,0
0,julietbawuah,74,88,84,96,0
0,FLOWLAVAH,92,90,98,107,0
0,PEPFAR,113,128,130,125,0
0,AAhmad_CAF,14,17,14,13,1
0,ClevelandClinic,132,108,120,144,0
0,ojbsports,81,109,106,106,0
0,LeoDiCaprio,119,135,125,118,0
0,nothingbutnets,128,117,107,143,0
0,SMbatha_Senzo,106,112,109,107,0
0,aksgovt,108,127,96,118,0
0,KFF,124,113,129,138,0
0,DemianCo,139,109,113,123,0
0,ragehomaar,117,109,110,136,0
0,EngrAbkrD_Aliyu,38,40,38,30,1
0,UKinNigeria,137,119,113,126,0
0,NACANigeria,111,121,112,110,0
0,VictorMoses,116,113,107,136,0
0,MichelleKhare,85,114,120,112,0
0,jennifersterger,127,115,110,110,0
0,GEEPMarketMoni,28,20,18,17,1
0,BlinksAsuzu,96,80,81,95,0
0,SenatorFlowers,17,18,20,26,1
0,FordFoundation,110,130,132,113,0
0,gtbank_help,122,106,121,119,0
0,@wandecoal,10,9,10,10,1
0,JesseDamiani,111,107,121,107,0
0,bukolaiji,107,88,101,90,0
0,BrooksWeather,118,133,112,114,0
0,MatthewStadlen,120,121,103,113,0
0,Acosta,136,97,120,141,0
0,nimetnigeria,101,116,96,105,0
0,ava,72,82,102,92,0
0,MaghribFoot,95,114,125,116,0
0,lauraleighabby,127,129,118,102,0
0,UNICEF,118,127,134,118,0
0,toluogunlesi,112,128,124,103,0
0,VictoriaS,111,117,114,133,0
0,iamrahmanosman,110,106,106,111,0
0,TheOperaNewsNG,9,8,8,9,1
0,DebolaLagos,101,89,77,106,0
0,mrogati,119,125,118,123,0
0,JenniferJJacobs,141,106,123,131,0
0,LexaDoig,105,110,111,129,0
0,femigbaja,107,100,109,104,0
0,fisayosoyombo,76,99,76,90,0
0,miseliti,3,1,5,3,1
0,ChibuikeAmaechi,122,114,130,115,0
0,NERCNG,97,96,103,104,0
0,cblatts,115,115,107,113,0
0,mattbish,122,125,119,120,0
0,Glambr,94,103,100,92,0
0,naomidgreatest,113,126,107,118,0
0,Sadiya_farouq,102,124,132,125,0
0,ValeryGweha,2,2,2,1,1
0,SuzanneNossel,115,141,110,131,0
0,DigiCommsNG,109,129,147,116,0
0,ughe_org,112,131,119,124,0
0,lighthousefamly,118,121,131,128,0
0,JeremyShure,110,112,110,135,0
0,INEOS159,109,105,127,121,0
0,StudioMucci,104,107,120,116,0
0,SERAPNigeria,100,127,124,127,0
0,TwitterSports,100,89,105,94,0
0,MNDA_Ng,110,107,124,119,0
0,BatTurds,95,103,99,112,0
0,Rotary,110,126,123,139,0
0,Ligue1UberEats,1,0,0,0,1
0,higuitarene,1,1,0,2,1
0,AirbnbHelp,122,127,126,130,0
0,HarvardChanSPH,136,130,122,114,0
0,PaulKagame,148,103,118,98,0
0,dejiomotoyinbo,116,118,112,120,0
0,JanineTony,128,107,108,104,0
0,narendramodi,77,84,108,94,0
0,badboycarlosd,92,89,86,82,0
0,trevormundel,111,123,126,140,0
0,renaemerle,125,118,118,92,0
0,ElaineEguthrie1,89,108,116,105,0
0,JustinTrudeau,44,57,64,66,1
0,ChristinaKTLA,107,128,119,117,0
0,Gabestuff,102,124,136,131,0
0,nbetnigeria,9,4,9,10,1
0,AllezLesLions,5,6,6,5,1
0,AaronBDesigns,121,108,104,116,0
0,SinghLions,106,78,115,95,0
0,ProducerKyle,112,118,113,128,0
0,NShafeiEN,16,23,26,26,1
0,gtoppo,116,120,116,93,0
0,BraveheartsFC,77,86,90,92,0
0,drseisenberg,126,119,112,125,0
0,HiwaAfandi,100,114,102,93,0
0,Achta_M_Saleh,4,5,6,3,1
0,AwesomeMonsieur,111,116,92,108,0
0,NphcdaNG,131,117,116,127,0
0,CGPriceisRight,15,4,10,11,1
0,npower_ng,104,121,133,136,0
0,savechildrenuk,124,126,129,125,0
0,MaxxyB,110,115,100,105,0
0,dostoyevsky_j,126,129,111,118,0
0,NHSMillion,132,126,116,122,0
0,keeya_lee,131,116,104,99,0
0,MBabaShehuri,14,14,19,17,1
0,lipiroy,119,124,115,113,0
0,PScotlandCSG,113,114,125,146,0
0,CDCgov,120,124,133,122,0
0,satyanadella,135,114,128,126,0
0,JHuertaK5,98,111,116,106,0
0,TymberleeHill,97,108,116,94,0
0,Giftsthatgive,136,130,119,116,0
0,opsoniteblue,87,123,102,105,0
0,HQNigerianArmy,91,95,99,94,0
0,adrian_ttc,2,5,2,3,1
0,fccpcnigeria,107,115,103,112,0
0,kwestin,105,100,99,120,0
0,PibeValderramaP,0,0,0,1,1
0,inafried,105,105,120,125,0
0,Chikwe_I,127,132,108,130,0
0,FemAdesina,110,119,127,113,0
0,_LekanAdegbite,11,3,16,9,1
0,amandahite,114,109,100,123,0
0,NigeriaMFA,11,8,8,7,1
0,AU_PSD,98,103,116,109,0
0,HMKemiAdeosun,64,70,81,72,0
0,fmohnigeria,104,115,115,97,0
0,JaneONweze,111,116,122,116,0
0,a_salkida,3,2,1,1,1
0,BillClinton,111,130,136,112,0
0,gavi,85,127,116,125,0
0,rweingarten,117,130,122,122,0
0,CERN,118,122,118,128,0
0,dabiodunMFR,94,82,107,79,0
0,YinkaWrites,108,115,119,106,0
0,Pistachio,115,106,119,131,0
0,CanHCNigeria,129,106,115,126,0
0,BOINigeria,122,110,128,111,0
0,johngreen,126,113,141,114,0
0,annsaphir,122,99,150,119,0
0,usaid_info,100,121,123,121,0
0,JROB_2one,99,115,105,121,0
0,IHME_UW,120,113,108,111,0
0,DonorsChoose,121,123,137,117,0
0,NDCleanUp,15,12,12,13,1
0,NadiaForde,118,108,100,119,0
0,amjoyshow,133,127,109,134,0
0,TrevorNoahFdn,122,115,101,103,0
0,FastCompany,134,122,127,119,0
0,SHONIBARESTUDIO,121,113,135,126,0
0,FMHDSD,27,31,25,34,1
0,VicMontagliani,86,73,70,92,0
0,@Iceprincezamani,126,107,92,108,0
0,SenBornoCentral,1,2,0,0,1
0,cameron_tiff,122,118,113,97,0
0,MLS,108,104,129,125,0
0,alzassociation,136,113,122,132,0
0,ViiVHC,127,117,128,130,0
0,MbomboSeidou,5,6,3,3,1
0,CoryBooker,139,119,131,113,0
0,NanonoSabo,17,15,10,12,1
0,USAID,126,113,143,115,0
0,AVM_OA_Adesanya,135,127,109,102,0
0,eugenegu,119,124,127,134,0
0,AllanGolston,120,139,106,110,0
0,KBStGovt,101,110,131,112,0
0,WSUPUK,132,141,100,132,0
0,AndreasKosh,103,93,95,110,0
0,DrIsaPantami,2,5,2,2,1
0,CandiceKumai,120,112,139,121,0
0,TundeIrukera,133,122,111,118,0
0,Chibuogwu_N,106,107,106,131,0
0,DrJoyceBanda,84,79,69,85,0
0,RBlockMD,113,111,133,126,0
0,DrEmeruwa,114,128,119,105,0
0,wsoyinkacentre,96,94,107,97,0
0,Heifer,98,135,140,126,0
0,AfDB_Group,114,117,120,113,0
0,sgyemikale,106,132,121,124,0
0,candacefor24,82,97,94,99,0
0,powerminnigeria,29,36,41,42,1
0,karmichaelhunt,74,85,72,73,0
0,FCBayern,8,7,6,7,1
0,Fedfireng,103,112,109,123,0
0,SECNigeria,129,112,131,114,0
0,camanpour,141,109,122,126,0
0,MohdHAbdullahi,98,120,107,114,0
0,foskolo,101,118,110,105,0
0,KarimBencherifa,85,92,79,101,0
0,HamiltonAnthony,97,130,105,110,0
0,CCBNigeria,22,35,21,26,1
0,FlemingSport,114,120,125,111,0
0,thirdrowtesla,116,107,107,101,0
0,saharareporters,113,113,130,116,0
0,geep_ng,123,119,132,119,0
0,officialnyscng,131,106,122,98,0
0,EnMaroc,5,4,1,2,1
0,mansoortshams,110,122,136,116,0
0,NOmorotionmwan,95,113,122,114,0
0,IRCWASH,122,119,109,130,0
0,nigerianports,128,118,109,138,0
0,laurakbrehm,111,113,109,108,0
0,Twiplomacy,127,110,106,104,0
0,Kenny_Majozi_,93,77,87,74,0
0,weijia,100,128,117,129,0
0,JFKii,114,115,126,112,0
0,sarahHwaris,122,115,127,111,0
0,Butler_Benton,104,94,97,100,0
0,laurajaynemart,109,109,119,127,0
0,MzGossipGirl,82,84,91,88,0
0,MartinLipton,135,114,122,124,0
0,realREANigeria,110,122,127,118,0
0,FinMinNigeria,100,123,130,100,0
0,FIFAMuseum,119,114,130,133,0
0,NickAmes82,140,129,119,114,0
0,@ritaUdominic,89,68,98,71,0
0,HerbertRSim,2,3,1,0,1
0,jokowi,3,0,1,0,1
0,cuddle_core,115,114,150,105,0
0,finminnigeria,104,105,114,130,0
0,WeCatapult,128,124,119,108,0
0,WorldBankAfrica,123,123,125,129,0
0,thecajunboy,128,122,114,117,0
0,CyrilRamaphosa,79,78,91,95,0
0,BentleyRadio,112,111,109,118,0
0,akinolaboade,77,68,86,56,0
0,kadariaahmed,91,83,96,112,0
0,IAmapakabo,6,9,7,15,1
0,Christophbongo,100,120,121,110,0
0,ncdcgov,117,114,130,84,0
0,FMICNigeria,114,94,126,113,0
0,kevinddaniels,127,109,95,118,0
0,Kaepernick7,52,66,72,60,1
0,kwinlizzy,123,119,102,107,0
0,inecnigeria,107,116,130,124,0
0,ItsMeTC15,119,104,106,107,0
0,PlanUSA,127,147,107,111,0
0,jidesanwoolu,129,112,110,106,0
0,Hgieltrouc_,132,112,122,125,0
0,delina4az,126,112,121,125,0
0,firsNigeria,109,121,103,129,0
0,aannggeellll,116,96,95,111,0
0,TradeInvestNG,125,130,111,123,0
0,USinNigeria,126,119,139,116,0
0,bbcsportsworld,109,114,139,136,0
0,Aina2Ola,91,84,111,105,0
0,NSIP_NG,98,93,119,86,0
0,DrAhmadLawan,108,105,85,112,0
0,LabourMinNG,48,40,48,39,1
0,vkhosla,113,116,113,130,0
0,DavidHundeyin,111,131,107,117,0
0,aguribfakim,119,117,111,118,0
0,CaseFoundation,137,109,121,118,0
0,NhisNg,81,75,96,111,0
0,PresidenceTg,1,5,0,1,1
0,neyssacadet,44,51,43,48,1
0,MJohnsonCTV,110,97,89,90,0
0,adaure,122,92,117,118,0
0,sarahtoy17,111,109,113,138,0
0,nysc_ng,109,122,113,125,0
0,aishambuhari,107,112,95,100,0
0,DrLesterColl,121,110,103,111,0
0,MsilaBotha,23,16,19,12,1
0,nsvf,133,133,123,112,0
0,pacacng,88,89,71,89,0
0,VusiThembekwayo,100,103,107,120,0
0,fkeyamo,114,123,121,133,0
0,EngrSMamman,31,24,23,33,1
0,MagufuliJP,6,9,4,6,1
0,cristina_CP24,113,136,97,114,0
0,@uchejombo,111,112,105,90,0
0,RoshanaMN,102,107,117,114,0
0,fmmsdngr,107,133,99,122,0
0,nytimesbooks,123,134,119,124,0
0,NgComCommission,116,113,107,94,0
0,waberiBouh,13,10,8,14,1
0,mekus102,111,110,99,105,0
0,TMuk_news,124,99,111,138,0
0,patrickdehahn,116,128,105,104,0
0,KrisReyes,116,114,101,117,0
0,DohaDebates,129,128,130,115,0
0,ArchithNEWS,108,145,120,122,0
0,FedRoadsNGR,108,119,112,104,0
0,hectormejianews,123,120,123,124,0
0,FlorenceOzor,90,104,102,98,0
0,fgnigeria,122,121,106,118,0
0,JRichardKelly,45,50,34,47,1
0,CorrectionsNg,104,114,112,99,0
0,lemdek,11,14,12,11,1
0,JPAL,132,120,109,122,0
0,RaymondChambers,134,105,127,124,0
0,LaurieBlackSD,112,109,107,119,0
0,lassanawelt,3,2,1,4,1
0,ICPC_PE,106,108,110,120,0
0,sgevans,128,131,118,116,0
0,BatMandervelde,28,22,25,29,1
0,EmmanuelMacron,5,6,4,10,1
0,GdnDevelopment,123,105,138,136,0
0,MrLeeMcAteer,123,115,104,125,0
0,fatma_samoura,86,94,92,81,0
0,cheng_christine,121,121,110,128,0
0,nigimmigration,149,105,112,131,0
0,NiaVardalos,90,116,94,69,0
0,ronnypascale,111,131,107,99,0
0,Enewstorybrooke,120,132,115,115,0
0,SarBareman,86,81,77,74,0
0,mikemajlak,124,121,101,125,0
0,JessicaCalvello,89,74,84,87,0
0,AlyxSacksKCCI,107,116,126,119,0
0,KIPP,116,111,113,121,0
0,Afrs1077Fm,117,127,117,120,0
0,NoahGrossman214,102,118,112,99,0
0,BabatundeKoiki,95,95,108,90,0
0,Malala,88,112,91,99,0
0,ngrpresident,114,128,133,122,0
0,bylka613_,105,101,96,95,0
0,@TONTOLET,84,125,108,110,0
0,OfficialPDPNig,84,87,84,76,0
0,JeremyCFox,124,117,115,115,0
0,DStvNgCare,111,114,151,129,0
0,bukolasaraki,103,134,102,94,0
0,BMGFIndia,118,110,118,93,0
0,ASRomaEN,86,103,90,113,0
0,nigeriaLNG,124,105,112,142,0
0,OERProject,126,121,121,124,0
0,DeptofDefense,126,118,125,132,0
0,MalamiSan,17,24,27,21,1
0,joannachiu,116,114,116,134,0
0,jnovogratz,127,127,123,118,0
0,drfeifei,109,130,126,123,0
0,AzizNasr89,1,6,1,5,1
0,kf1011,13,15,10,14,1
0,FightinHydrant,116,119,137,96,0
0,EsperanceSTunis,5,4,7,7,1
0,dsengeh,130,115,125,129,0
0,ogpnigeria,124,120,105,124,0
0,DaveRosenthal1,110,122,127,123,0
0,mbuhari,135,106,126,133,0
0,thearitokpo,106,102,113,114,0
0,mbpuskar,97,107,133,115,0
0,BillNye,122,123,129,123,0
0,NigEducation,14,22,18,16,1
0,DrMuhdMahmood,74,54,59,54,1
0,14,9,6,5,3,1
0,DrRamatuAliyu,95,77,86,108,0
0,NahedMousAlAli,15,13,10,16,1
0,NOA_Nigeria,125,141,129,106,0
0,nytimes,130,117,122,129,0
0,Bill_Gross,117,132,132,122,0
0,cjkaroney,112,115,119,114,0
0,ffrim,1,0,0,1,1
0,followlasg,100,106,103,100,0
0,TimOBrien,116,119,134,100,0
0,Pharaohs,26,23,28,18,1
0,karaswisher,110,111,108,124,0
0,BusinessDayNg,120,120,115,133,0
0,ShahidForChange,103,136,111,139,0
0,CustomsNG,108,111,124,135,0
0,@TiwaSavage,64,59,79,60,0
0,KennyKPIX,118,103,126,133,0
0,Waziriadio,70,70,69,56,0
0,humansofny,139,122,112,103,0
0,I_Told__You__So,67,64,79,64,0
0,CroSmith,121,106,90,93,0
0,InstituteGC,85,108,114,98,0
0,clydegoal,108,103,109,111,0
0,HChizuzu,14,21,12,19,1
0,J_Aribo19,100,96,108,75,0
0,PaulGAllen,132,122,131,115,0
0,NGSuperEagles,116,97,96,94,0
0,thejeffkatala,42,27,34,34,1
0,ImSarahRice,104,110,139,109,0
0,AshleyRHolliday,114,105,119,125,0
0,ShobierOfficial,0,1,0,1,1
0,DrDigiPol,122,102,140,109,0
0,AirTraffic_Lee4,103,112,116,113,0
0,jeffraikes,115,139,107,125,0
0,TechNexus,122,148,120,108,0
0,theofficialfwa,5,6,5,3,1
0,RCAofficiel,95,105,100,94,0
0,angelinachapin,95,90,93,110,0
0,KMusonaofficial,26,23,36,30,1
0,lolashoneyin,115,112,112,102,0
0,Globe_Soccer,89,81,97,88,0
0,segadiallo,5,5,7,6,1
0,SituationRoomNg,120,116,114,112,0
0,,0,0,0,0,1
0,NigerianNavy,77,82,80,91,0
0,nigeriamfa,6,14,8,6,1
0,AdamGreen,103,126,102,118,0
0,HillaryClinton,128,126,104,122,0
0,richardbranson,122,118,134,127,0
0,GarShehu,136,126,141,100,0
0,MudegeSolo,89,100,88,108,0
0,osasuo,111,124,131,118,0
0,NigeriaPortal,50,37,28,32,1
0,digitalarun,136,128,117,111,0
0,lalaabeeee,106,112,125,117,0
0,CourtMarabella,115,113,95,91,0
0,chngin_the_wrld,127,119,124,106,0
0,Exp_Mark,105,113,126,128,0
0,ONECampaign,114,109,107,136,0
0,Tonnerre1934,48,45,39,43,1
0,TimAMolloy,122,119,116,129,0
0,BrettGursky,114,102,112,98,0
0,drfaisalshuaib,112,112,111,125,0
0,jacksonpbn,103,108,134,104,0
0,v_langeberg,111,94,137,128,0
0,girleffect,118,134,126,120,0
0,johnlegend,120,108,104,129,0
0,LJSelsky,86,88,124,95,0
0,ConstantOmari,0,1,0,0,1
0,NigeriaParks,27,43,38,42,1
0,nyannthierry,91,140,110,101,0
0,NGRSenate,88,100,85,109,0
0,NigeriaGov,14,13,16,8,1
0,seangunn,107,142,111,112,0
0,chrismbbcsport,130,116,114,106,0
0,jeremys,118,105,140,101,0
0,NickFilipowski,114,111,99,92,0
0,NeilGreigSport,108,105,107,111,0
0,JonathanMaberry,122,111,114,135,0
0,NITDANigeria,90,89,95,108,0
0,victorosimhen9,57,63,44,53,1
0,CyrielDessers,13,12,20,13,1
0,gtconway3d,11,21,10,7,1
0,badiucao,27,33,27,19,1
0,stevebrowndavis,122,135,129,116,0
0,UN_Nigeria,114,106,123,142,0
0,joycecook01,109,104,125,126,0
0,GatesMiddleEast,60,82,54,58,1
0,PoliceNG_CRU,122,89,144,118,0
0,firsnigeria,129,119,107,107,0
0,NigAirForce,135,108,119,118,0
0,oparanozie9,108,108,108,98,0
0,akosuaamoo,90,88,80,88,0
0,SandyDarity,0,1,0,0,1
0,estherclimate,125,129,113,120,0
0,OvieOmoAgege,95,84,104,89,0
0,FRSCNigeria,102,118,110,107,0
0,sportingjim,109,114,107,119,0
0,roger_milla_9,5,6,6,6,1
0,YaraShahidi,93,89,102,84,0
0,racheluranga,123,113,109,131,0
0,tundefashola,3,3,4,2,1
0,GlobalFund,116,124,102,108,0
0,MinOfInteriorNG,113,120,127,107,0
0,phkeane,111,92,121,132,0
0,Bevstar7,97,89,84,95,0
0,unfoundation,126,110,108,135,0
0,MirrorDarren,112,102,101,119,0
0,commonwealthsec,116,138,113,134,0
0,Herve_Renard_HR,23,38,21,23,1
0,SherylNYT,116,143,129,112,0
0,senjutisaha,75,86,82,79,0
0,Perroni247,111,101,96,87,0
0,hadisirika,91,105,115,109,0
0,CarolZhao95,112,104,108,110,0
0,MKabrik,77,73,72,73,0
0,raviubha,125,113,137,97,0
0,gabrielboric,0,0,2,0,1
0,ajuringelale,32,56,35,26,1
0,GwilymHMorgan,104,113,112,103,0
0,AfricanFtblHQ,107,137,110,122,0
0,wendykopp,125,131,125,124,0
0,holliepoetry,102,112,133,137,0
0,AubreyODay,113,113,115,99,0
0,sbkaufman,106,108,93,100,0
0,nimasaofficial,105,87,86,122,0
0,COSAFAMEDIA,82,77,102,76,0
0,WaterAidAmerica,112,125,125,131,0
0,HenshawKate,81,69,91,77,0
0,LigaliOrg,123,114,132,113,0
0,marega91,6,2,6,6,1
0,ChifeDr,123,102,121,101,0
0,Mo_IbrahimFdn,123,124,126,115,0
0,MinofPoliceNG,32,34,30,38,1
0,akandeoj,135,123,116,108,0
0,cchukudebelu,120,117,130,107,0
0,EniAlu,120,127,112,107,0
0,ATrinKTVU,121,126,94,124,0
0,EndPolioNow,115,122,130,137,0
0,FUS_OFFICIEL,3,3,0,2,1
0,NonieMG,29,25,30,26,1
0,damonhackGC,118,100,122,98,0
0,mectos,92,81,96,103,0
0,PenComNig,120,105,121,115,0
0,L0uis3B,90,87,78,96,0
0,jacindaardern,124,127,134,109,0
0,TradeOfficeNG,111,118,112,123,0
0,MilkenInstitute,115,113,128,125,0
0,ighalojude,71,57,71,67,0
0,InsideWorldFoo1,24,25,21,15,1
0,FMPRng,134,121,124,108,0
0,nigerianstat,26,30,38,35,1
0,EnyimbaFC,117,136,93,123,0
0,FrenzziiiBull,101,121,94,107,0
0,QueenRania,54,52,50,30,1
0,HHShkMohd,46,37,28,39,1
0,WHOAFRO,126,122,126,129,0
0,Commonwealth18,139,124,125,110,0
0,moodewji,67,80,67,51,0
0,PetroleumSummit,116,117,115,106,0
0,Ramon_Vega71,112,102,103,109,0
0,remidupre,1,5,3,3,1
0,matthewherper,122,120,108,117,0
0,ByMoriah,123,121,113,111,0
0,MSME_ClinicsNg,28,21,28,28,1
0,MMViverito,92,87,91,87,0
0,allisonemiller,115,105,108,112,0
0,farnazfassihi,114,116,130,114,0
0,CAS_AMSadique,53,58,65,66,1
0,Joanwestenberg,106,115,115,104,0
0,omaakatugba,101,88,100,98,0
0,NNPCgroup,73,65,76,73,0
0,kathygriffin,118,113,110,115,0
0,Jbannerman_,107,93,111,76,0
0,zammit_marc,124,135,123,119,0
0,NGSA_ng,43,37,44,37,1
0,NegarMortazavi,122,105,94,109,0
0,GaviSeth,101,131,105,118,0
0,GEJonathan,95,117,107,113,0
0,SenItaEnang,111,98,101,113,0
0,NiyiAdebayo_,48,58,48,34,1
0,kfayemi,117,120,110,122,0
0,kbarlowkstp,122,95,114,106,0
0,obyezeks,134,113,114,108,0
0,NAMANIGERIA,118,126,105,119,0
0,4EyedLiwa_,104,95,119,98,0
0,frankdunneTVSM,111,134,116,121,0
0,BayoOlupohunda,114,117,129,113,0
0,ajayi_jnr_,21,18,21,23,1
0,CleanAirMoms,96,112,116,108,0
0,WFP,140,118,101,144,0
0,TCN_NIGERIA,115,110,139,112,0
0,CalvinEmeka,109,103,124,118,0
0,kemiolunloyo,127,104,117,131,0
0,ultra_Lauren,125,118,113,128,0
0,sethbannon,117,88,99,113,0
0,YZerguini,11,8,15,10,1
0,larrybrilliant,136,109,123,117,0
0,KatlynnSimone,76,76,67,81,0
0,ekitistategov,100,96,110,100,0
0,ISMcGregor,124,110,115,100,0
0,WeDontHaveTime,123,115,115,101,0
0,WorldFoodPrize,125,133,113,118,0
0,BarackObama,114,121,130,113,0
0,nipcng,90,100,138,95,0
0,nirsalconnect,119,126,122,135,0
0,IBelizeit,114,127,121,108,0
0,jeeabbeylee,124,109,120,102,0
0,Oxfam,114,122,132,129,0
0,Iam_toluu,67,85,89,99,0
0,YakubDogara,127,110,94,111,0
0,charitywater,131,112,131,124,0
0,johndoerr,112,134,127,116,0
0,DMONigeria,46,52,59,45,1
0,bpsr_ng,103,96,103,112,0
0,kawowosports,114,118,112,130,0
0,NCDCgov,93,114,116,121,0
0,bonsuman,130,120,130,124,0
0,HAlThawadi,31,33,30,34,1
0,NeeleyEunice,102,90,93,85,0
0,julietkego,105,116,123,105,0
0,nemanigeria,123,110,93,119,0
0,PowerMinNigeria,36,37,41,34,1
0,ch9,135,113,116,126,0
0,agnesbinagwaho,124,128,113,118,0
0,MSpicuzzaMJS,123,119,121,115,0
0,OfficialFCTA,102,109,108,106,0
0,BounouarJalal,79,73,82,92,0
0,Nico_Lang,127,124,124,103,0
0,cityshopgirl,128,120,106,106,0
0,WilliamYang120,135,117,114,122,0
0,UNDP,138,115,111,139,0
0,rachelraczka,104,100,108,101,0
0,DavidLat,99,101,95,100,0
0,oyostategovt,106,120,98,89,0
0,AmunekeEmma9496,2,5,3,5,1
0,SolixBucs,76,73,74,87,0
0,thecableng,126,132,117,118,0
0,@iamdbanj,104,91,95,92,0
0,LAFC,89,84,93,76,0
0,trikaofficial,0,0,0,1,1
0,SL10Nigeria,111,98,105,99,0
0,danielsimangol2,95,87,95,83,0
0,emilyy_43,118,120,108,126,0
0,CerrJ,125,129,117,121,0
0,badrun_khan,111,109,93,99,0
0,TimSpiritMolobi,123,108,124,139,0
0,govnigeria,13,27,24,23,1
0,officialEFCC,87,86,94,86,0
0,EleniGiokos,121,128,109,120,0
0,SaddickAdams,103,94,101,124,0
0,masason,9,9,5,8,1
0,akin_adesina,123,125,121,127,0
0,SrBachchan,76,62,75,78,0
0,Atul_Gawande,117,124,102,100,0
0,nathalie_rabe,14,17,17,14,1
0,rajshah,129,133,117,124,0
0,Mariana_Sanches,4,2,4,2,1
0,KatieS,96,98,103,104,0
0,CarolineYLChen,123,111,130,109,0
0,descaptain,111,126,120,116,0
0,Macky_Sall,3,2,2,2,1
0,HungerProject,96,139,138,128,0
0,OmbaVeron,15,19,19,21,1
0,@Realomosexy,113,115,111,108,0
0,QuinceMountain,102,111,121,130,0
0,AlvinZhakata,82,60,80,92,0
0,Rafanelli,25,22,23,33,1
0,joshkelliott,118,117,135,109,0
0,IdahWaringa,82,82,71,77,0
0,FAAN_Official,97,113,107,96,0
0,ilo,122,114,133,134,0
0,SueOntiveros,129,109,121,109,0
0,RobinAdamsZA,111,94,102,102,0
0,radionigeriahq,114,105,108,128,0
0,charlesjkenny,105,114,123,113,0
0,caroltx26,66,77,64,59,0
0,robholley,129,112,105,100,0
0,twschwa,96,121,127,82,0
0,CK12Foundation,111,139,128,117,0
0,soka25east,114,112,117,117,0
0,wazo1,8,5,2,2,1
0,WaitingSuperman,120,143,131,109,0
0,drbenwhite,102,117,109,110,0
0,CGIAR,128,130,127,118,0
0,MarriottBonvoy,134,124,129,114,0
0,RyanHoliday,127,133,122,105,0
0,Toniob38,129,109,123,105,0
0,ARPAE,135,132,109,129,0
0,StanfordEnergy,129,116,142,108,0
0,MSuzman,128,133,112,122,0
0,renireni,99,117,113,103,0
0,obioraokaforc,26,32,34,33,1
0,ElissaBeth,6,7,4,5,1
0,kopanomabaso,122,101,96,91,0
0,AreaFada1,100,116,115,106,0
0,theNASEM,124,148,115,118,0
0,ProfOsinbajo,120,138,125,106,0
0,hhbility,8,4,3,6,1
0,nsia_nigeria,121,135,120,111,0
0,madisenbeaty,122,118,121,121,0
0,NextGenStacey,25,29,28,29,1
0,Darlene4NY,93,101,116,100,0
0,TisforThompson,74,72,91,98,0
0,m_christenson,112,114,117,123,0
0,TanouDiallo18,15,18,14,11,1
0,toviasmithnpr,112,136,128,98,0
0,FCBfemeni,12,14,14,13,1
0,NGRPresident,114,135,128,120,0
0,paulm_official,137,110,114,126,0
0,officialNEDC,96,113,102,94,0
0,realreanigeria,113,115,128,121,0
0,ChrisJElias,146,124,105,122,0
0,channelstv,111,125,105,132,0
0,DFB,0,0,1,0,1
0,moniquebeech,133,107,120,121,0
0,DouglasMGriffin,108,108,123,136,0
0,GatesUS,114,108,118,141,0
0,froomkin,105,123,143,127,0
0,SONNigeria,92,118,101,105,0
0,RobertGreene,134,121,113,122,0
0,sanchezcastejon,5,2,7,4,1
0,ryanshore,130,122,123,114,0
0,NTANewsNow,63,72,99,89,0
0,richiecastaldo,102,107,128,88,0
0,akinalabi,95,141,110,105,0
0,AminaJMohammed,113,119,149,120,0
0,JennaUshkowitz,96,102,94,95,0
0,BiosafetyNig,128,116,115,109,0
0,ZShamsuna,80,79,81,79,0
0,MalariaNoMore,117,128,124,129,0
0,nsenigeria,119,119,142,116,0
0,CDS_Nig,86,72,64,77,0
0,mortreport,120,128,124,102,0
0,MKKyari,10,24,17,30,1
0,STR0,107,111,102,102,0
0,Bilel_knaissi,64,57,60,53,1
0,SethDavisHoops,142,104,119,108,0
0,DFID_UK,124,119,133,125,0
0,Lauretta_Ogbu,98,96,85,84,0
0,Adambombz,94,101,93,86,0
0,GStephanopoulos,143,127,105,121,0
0,unfuck_america,0,3,0,0,1
0,JDScholten,107,102,93,99,0
0,SteveWithrowPBA,80,74,76,78,0
0,NSEcontact,4,3,4,1,1
0,FedMinOfJustice,42,37,47,33,1
0,heidinazarudin,108,110,115,124,0
0,dchou1107,118,130,126,121,0
0,WHONigeria,112,100,89,113,0
0,PwC_Nigeria,126,127,122,127,0
0,HansRosling,128,126,120,112,0
0,DavidSacks,117,114,130,118,0
0,gatesfoundation,132,123,112,122,0
0,orlatinsley,106,114,102,111,0
0,adamfwalsh,94,107,98,99,0
0,becongress,99,107,131,123,0
0,HCuccinello,101,125,104,114,0
0,maskeroni,120,104,113,98,0
0,TIME,123,121,125,127,0
0,AdeOnafowokan,102,81,98,69,0
0,rwang0,120,131,129,104,0
0,Kgatlanathe1st,115,112,92,97,0
0,lisastark351,93,107,105,142,0
0,ymbein,1,5,5,3,1
0,BradSmi,111,124,138,124,0
0,ahmed_dikko,19,8,15,21,1
0,PoliceNG,100,80,99,93,0
0,GeorgeWeahOff,73,70,69,47,1
0,mahmoudelfayez,3,2,4,3,1
0,Naijafutbol11,121,115,116,103,0
0,globlhealth2035,109,94,106,119,0
0,BillGates,113,119,126,120,0
0,LeonBalogun,99,81,98,86,0
0,IbukunAwosika,123,98,125,103,0
0,TheFolake,96,109,88,103,0
0,nbcgovng,112,101,113,120,0
0,PTADNigeria,110,117,119,126,0
0,RaeElle,115,109,103,108,0
0,edit_susan,116,98,108,112,0
0,paulocoelho,53,35,64,43,1
0,emantheheartbrk,108,130,111,109,0
0,TeachForAmerica,128,116,122,107,0
0,wef,129,120,127,123,0
0,colinmcfarlane,121,125,126,132,0
0,TBAlliance,122,125,125,130,0
0,MSFTResearch,122,121,146,116,0
0,jamieoliver,93,128,106,120,0
0,MaduroPoiares,20,14,17,18,1
0,CommonSenseEd,125,114,137,126,0
0,FareedZakaria,96,113,110,113,0
0,ossap_sdgs,122,130,128,116,0
0,MarthaHunt,112,107,87,88,0
0,nigeriaeiti,109,106,137,123,0
0,tanyaghahremani,126,115,118,122,0
0,ASSEofficiel,7,10,8,5,1
0,GreatNonprofits,136,119,118,127,0
0,sapinker,120,112,121,127,0
0,FredSwaniker,67,63,74,72,0
0,Hanaabdelsattar,30,18,18,20,1
0,BishopJakes,115,123,123,132,0
0,Med_Kekli,22,21,17,15,1
0,TechCrunch,116,116,148,124,0
0,SeamusBlackley,97,91,113,120,0
0,FMYouthSports,0,1,1,1,1
0,sebastienblanc,4,2,5,4,1
0,FadyAshraf,11,6,2,4,1
0,VSFNigeria,103,138,126,124,0
0,Eng_BrianM,84,104,98,91,0
0,AliRawaf,128,113,120,118,0
0,bridgeteverett,129,132,103,102,0
0,KhatibSKY,17,16,22,18,1
0,Marriott,127,130,107,139,0
0,ddun1025,114,121,132,111,0
0,CharityNav,105,145,125,119,0
0,k_satyarthi,105,79,101,88,0
0,ClancyReports,127,111,120,137,0
0,TheIFAB,134,137,113,100,0
0,OGFZA,110,74,101,96,0
0,nicolconcilio,122,126,103,102,0
0,danidelvalleok,5,5,6,5,1
0,thenff,111,111,95,105,0
0,EleanorNorton,106,103,131,130,0
0,samuelogundipe,104,120,105,99,0
0,GuardianNigeria,118,127,117,141,0
0,NetflixNaija,81,63,76,74,0
0,Freedland,127,125,117,124,0
0,leasteinacker,84,56,73,96,0
0,DrJoeAbah,93,99,124,102,0
0,Water,119,119,126,138,0
0,SAFA_net,113,121,93,87,0
0,pierre,125,133,117,128,0
0,m_clem,118,127,106,111,0
0,ASAMOAH_GYAN3,81,107,89,83,0
0,ogundamisi,102,110,108,120,0
0,RCSI_Irl,114,131,121,136,0
0,good,117,122,136,115,0
0,HabibKhanT,75,106,81,70,0
0,UNDPNigeria,120,128,131,122,0
0,ASRomaPidgin,103,116,99,98,0
0,icrcng,49,60,56,53,1
0,NjieEnow,107,113,111,106,0
0,katiecouric,123,104,116,107,0
0,SLM_Initiative,21,23,29,33,1
0,voiceofnigeria,118,117,113,126,0
0,naptipnigeria,120,123,119,120,0
0,VAdegite,86,99,78,106,0
0,ESTunis1919,2,1,0,0,1
0,SwedeninNigeria,105,114,91,103,0
0,brandonacox,115,127,115,108,0
0,abennett,112,124,93,118,0
0,drsanjaygupta,65,72,70,90,0
0,Padmasree,105,103,115,120,0
0,HouseNGR,99,97,98,141,0
0,Ibilola_Amao,127,109,128,126,0
0,jonathanvicent,2,3,1,2,1
0,abbijacobson,105,117,111,101,0
0,abikedabiri,52,42,71,60,1
0,acnewsitics,126,118,127,121,0
0,DefenceInfoNG,97,95,101,114,0
0,NigeriaFMYS,101,129,127,123,0
0,FMoCDENigeria,121,125,130,110,0
0,wierdduk,5,2,4,2,1
0,gateshealth,119,120,131,131,0
0,WalterIsaacson,120,111,126,131,0
0,CorneliaGeppert,114,116,113,105,0
0,MBuhari,115,147,124,114,0
0,FTF_OFFICIELLE,0,1,1,3,1
0,JeffDSachs,116,122,104,145,0
0,JCMorrisn,107,130,118,95,0
0,SOFsocialgood,148,103,126,126,0
0,tomfriedman,127,118,133,115,0
0,SalVulcano,113,112,110,111,0
0,_AfricanUnion,100,102,96,129,0
0,NESREANigeria,97,134,117,102,0
0,AprilDRyan,129,124,117,123,0
0,ngrinnovation,104,113,114,112,0
0,BashirAhmaad,133,111,118,99,0
0,AWSportsSummit,66,49,65,54,1
0,melindagates,140,111,114,118,0
0,IWilliams95,110,106,120,105,0
0,AsanteKotoko_SC,126,115,120,128,0
0,Morocco2026_EN,98,112,115,119,0
0,Jacopo_della_Q,116,110,117,139,0
0,TheEconomist,82,64,72,63,0
0,smora75,12,13,13,15,1
